{"cameraMode":{"drawMode":0,"name":"Shaded","section":"Shading Mode"},"sceneLighting":true,"audioPlay":false,"sceneViewState":{"m_AlwaysRefresh":false,"showFog":true,"showSkybox":true,"showFlares":true,"showImageEffects":true,"showParticleSystems":true,"showVisualEffectGraphs":true,"m_FxEnabled":true},"in2DMode":false,"pivot":{"x":8.995264053344727,"y":-16.667720794677736,"z":9.615996360778809},"rotation":{"x":-0.37275558710098269,"y":-0.19325996935367585,"z":0.07967763394117356,"w":-0.9040995240211487},"size":16.515472412109376,"orthographic":false}